{"cameraMode":{"drawMode":0,"name":"Shaded","section":"Shading Mode"},"sceneLighting":true,"audioPlay":false,"sceneViewState":{"m_AlwaysRefresh":false,"showFog":true,"showSkybox":true,"showFlares":true,"showImageEffects":true,"showParticleSystems":true,"showVisualEffectGraphs":true,"m_FxEnabled":true},"in2DMode":false,"pivot":{"x":0.022028231993317605,"y":1.9212172031402588,"z":-0.5269597172737122},"rotation":{"x":-0.00783129595220089,"y":-0.9860536456108093,"z":0.15902553498744965,"w":-0.04855668172240257},"size":4.4426679611206059,"orthographic":true}